"","unitid","stabbr","city_clean","instnm_clean"
"1",100663,"Alabama","birmingham","university of alabama at birmingham"
"2",100706,"Alabama","huntsville","university of alabama in huntsville"
"3",100751,"Alabama","tuscaloosa","the university of alabama"
"4",100858,"Alabama","auburn","auburn university"
"5",104151,"Arizona","tempe","arizona state university campus immersion"
"6",104179,"Arizona","tucson","university of arizona"
"7",106397,"Arkansas","fayetteville","university of arkansas"
"8",110404,"California","pasadena","california institute of technology"
"9",110635,"California","berkeley","university of california berkeley"
"10",110644,"California","davis","university of california davis"
"11",110653,"California","irvine","university of california irvine"
"12",110662,"California","los angeles","university of california los angeles"
"13",110671,"California","riverside","university of california riverside"
"14",110680,"California","la jolla","university of california san diego"
"15",110705,"California","santa barbara","university of california santa barbara"
"16",110714,"California","santa cruz","university of california santa cruz"
"17",123961,"California","los angeles","university of southern california"
"18",126562,"Colorado","denver","university of colorado denver/anschutz medical campus"
"19",126614,"Colorado","boulder","university of colorado boulder"
"20",126775,"Colorado","golden","colorado school of mines"
"21",126818,"Colorado","fort collins","colorado state university fort collins"
"22",127060,"Colorado","denver","university of denver"
"23",129020,"Connecticut","storrs","university of connecticut"
"24",130794,"Connecticut","new haven","yale university"
"25",130943,"Delaware","newark","university of delaware"
"26",131469,"District of Columbia","washington","george washington university"
"27",131496,"District of Columbia","washington","georgetown university"
"28",132903,"Florida","orlando","university of central florida"
"29",133951,"Florida","miami","florida international university"
"30",134097,"Florida","tallahassee","florida state university"
"31",134130,"Florida","gainesville","university of florida"
"32",135726,"Florida","coral gables","university of miami"
"33",137351,"Florida","tampa","university of south florida"
"34",139658,"Georgia","atlanta","emory university"
"35",139755,"Georgia","atlanta","georgia institute of technology main campus"
"36",139940,"Georgia","atlanta","georgia state university"
"37",139959,"Georgia","athens","university of georgia"
"38",141574,"Hawaii","honolulu","university of hawaii at manoa"
"39",144050,"Illinois","chicago","university of chicago"
"40",145600,"Illinois","chicago","university of illinois chicago"
"41",145637,"Illinois","champaign","university of illinois urbana champaign"
"42",147767,"Illinois","evanston","northwestern university"
"43",151351,"Indiana","bloomington","indiana university bloomington"
"44",152080,"Indiana","notre dame","university of notre dame"
"45",153603,"Iowa","ames","iowa state university"
"46",153658,"Iowa","iowa city","university of iowa"
"47",155317,"Kansas","lawrence","university of kansas"
"48",155399,"Kansas","manhattan","kansas state university"
"49",157085,"Kentucky","lexington","university of kentucky"
"50",157289,"Kentucky","louisville","university of louisville"
"51",159391,"Louisiana","baton rouge","louisiana state university and agricultural and mechanical college"
"52",160658,"Louisiana","lafayette","university of louisiana at lafayette"
"53",160755,"Louisiana","new orleans","tulane university of louisiana"
"54",161253,"Maine","orono","university of maine"
"55",162928,"Maryland","baltimore","johns hopkins university"
"56",163268,"Maryland","baltimore","university of maryland baltimore county"
"57",163286,"Maryland","college park","university of maryland college park"
"58",164924,"Massachusetts","chestnut hill","boston college"
"59",164988,"Massachusetts","boston","boston university"
"60",165015,"Massachusetts","waltham","brandeis university"
"61",166027,"Massachusetts","cambridge","harvard university"
"62",166629,"Massachusetts","amherst","university of massachusetts amherst"
"63",166683,"Massachusetts","cambridge","massachusetts institute of technology"
"64",167358,"Massachusetts","boston","northeastern university"
"65",168148,"Massachusetts","medford","tufts university"
"66",170976,"Michigan","ann arbor","university of michigan ann arbor"
"67",171100,"Michigan","east lansing","michigan state university"
"68",172644,"Michigan","detroit","wayne state university"
"69",174066,"Minnesota","minneapolis","university of minnesota twin cities"
"70",176017,"Mississippi","university","university of mississippi"
"71",176080,"Mississippi","mississippi state","mississippi state university"
"72",176372,"Mississippi","hattiesburg","university of southern mississippi"
"73",178396,"Missouri","columbia","university of missouri columbia"
"74",179867,"Missouri","saint louis","washington university in st louis"
"75",180461,"Montana","bozeman","montana state university"
"76",180489,"Montana","missoula","the university of montana"
"77",181464,"Nebraska","lincoln","university of nebraska lincoln"
"78",182281,"Nevada","las vegas","university of nevada las vegas"
"79",182290,"Nevada","reno","university of nevada reno"
"80",182670,"New Hampshire","hanover","dartmouth college"
"81",183044,"New Hampshire","durham","university of new hampshire main campus"
"82",185828,"New Jersey","newark","new jersey institute of technology"
"83",186131,"New Jersey","princeton","princeton university"
"84",186380,"New Jersey","new brunswick","rutgers university new brunswick"
"85",187985,"New Mexico","albuquerque","university of new mexico main campus"
"86",190150,"New York","new york","columbia university in the city of new york"
"87",190415,"New York","ithaca","cornell university"
"88",190576,"New York","new york","cuny graduate school and university center"
"89",193900,"New York","new york","new york university"
"90",194824,"New York","troy","rensselaer polytechnic institute"
"91",195030,"New York","rochester","university of rochester"
"92",196060,"New York","albany","university at albany"
"93",196079,"New York","vestal","binghamton university"
"94",196088,"New York","buffalo","university at buffalo"
"95",196097,"New York","stony brook","stony brook university"
"96",196413,"New York","syracuse","syracuse university"
"97",198419,"North Carolina","durham","duke university"
"98",199120,"North Carolina","chapel hill","university of north carolina at chapel hill"
"99",199193,"North Carolina","raleigh","north carolina state university at raleigh"
"100",200332,"North Dakota","fargo","north dakota state university main campus"
"101",201645,"Ohio","cleveland","case western reserve university"
"102",201885,"Ohio","cincinnati","university of cincinnati main campus"
"103",203517,"Ohio","kent","kent state university at kent"
"104",204796,"Ohio","columbus","ohio state university main campus"
"105",204857,"Ohio","athens","ohio university main campus"
"106",207388,"Oklahoma","stillwater","oklahoma state university main campus"
"107",207500,"Oklahoma","norman","university of oklahoma norman campus"
"108",209542,"Oregon","corvallis","oregon state university"
"109",209551,"Oregon","eugene","university of oregon"
"110",211440,"Pennsylvania","pittsburgh","carnegie mellon university"
"111",212054,"Pennsylvania","philadelphia","drexel university"
"112",215062,"Pennsylvania","philadelphia","university of pennsylvania"
"113",215293,"Pennsylvania","pittsburgh","university of pittsburgh pittsburgh campus"
"114",216339,"Pennsylvania","philadelphia","temple university"
"115",217156,"Rhode Island","providence","brown university"
"116",217882,"South Carolina","clemson","clemson university"
"117",218663,"South Carolina","columbia","university of south carolina columbia"
"118",220862,"Tennessee","memphis","university of memphis"
"119",221759,"Tennessee","knoxville","the university of tennessee knoxville"
"120",221999,"Tennessee","nashville","vanderbilt university"
"121",223232,"Texas","waco","baylor university"
"122",225511,"Texas","houston","university of houston"
"123",227216,"Texas","denton","university of north texas"
"124",227757,"Texas","houston","rice university"
"125",228723,"Texas","college station","texas aandm university college station"
"126",228769,"Texas","arlington","the university of texas at arlington"
"127",228778,"Texas","austin","the university of texas at austin"
"128",228787,"Texas","richardson","the university of texas at dallas"
"129",228796,"Texas","el paso","the university of texas at el paso"
"130",229027,"Texas","san antonio","the university of texas at san antonio"
"131",229115,"Texas","lubbock","texas tech university"
"132",230728,"Utah","logan","utah state university"
"133",230764,"Utah","salt lake city","university of utah"
"134",232186,"Virginia","fairfax","george mason university"
"135",232982,"Virginia","norfolk","old dominion university"
"136",233921,"Virginia","blacksburg","virginia polytechnic institute and state university"
"137",234030,"Virginia","richmond","virginia commonwealth university"
"138",234076,"Virginia","charlottesville","university of virginia main campus"
"139",236939,"Washington","pullman","washington state university"
"140",236948,"Washington","seattle","university of washington seattle campus"
"141",238032,"West Virginia","morgantown","west virginia university"
"142",240444,"Wisconsin","madison","university of wisconsin madison"
"143",240453,"Wisconsin","milwaukee","university of wisconsin milwaukee"
"144",243744,"California","stanford","stanford university"
"145",243780,"Indiana","west lafayette","purdue university main campus"
"146",100663,"AL","birmingham","university of alabama at birmingham"
"147",100706,"AL","huntsville","university of alabama in huntsville"
"148",100751,"AL","tuscaloosa","the university of alabama"
"149",100858,"AL","auburn","auburn university"
"150",104151,"AZ","tempe","arizona state university"
"151",104151,"AZ","tempe","arizona state university tempe"
"152",104151,"AZ","tempe","arizona state university campus immersion"
"153",104179,"AZ","tucson","university of arizona"
"154",106397,"AR","fayetteville","university of arkansas"
"155",110404,"CA","pasadena","california institute of technology"
"156",110635,"CA","berkeley","university of california berkeley"
"157",110644,"CA","davis","university of california davis"
"158",110653,"CA","irvine","university of california irvine"
"159",110662,"CA","los angeles","university of california los angeles"
"160",110671,"CA","riverside","university of california riverside"
"161",110680,"CA","la jolla","university of california san diego"
"162",110699,"CA","san francisco","university of california san francisco"
"163",110705,"CA","santa barbara","university of california santa barbara"
"164",110714,"CA","santa cruz","university of california santa cruz"
"165",112251,"CA","claremont","claremont graduate university"
"166",123961,"CA","los angeles","university of southern california"
"167",126562,"CO","denver","university of colorado at denver and health sciences center"
"168",126562,"CO","denver","university of colorado denver/anschutz medical campus"
"169",126614,"CO","boulder","university of colorado boulder"
"170",126775,"CO","golden","colorado school of mines"
"171",126818,"CO","fort collins","colorado state university fort collins"
"172",127060,"CO","denver","university of denver"
"173",129020,"CT","storrs","university of connecticut"
"174",130794,"CT","new haven","yale university"
"175",130943,"DE","newark","university of delaware"
"176",131159,"DC","washington","american university"
"177",131283,"DC","washington","the catholic university of america"
"178",131469,"DC","washington","george washington university"
"179",131496,"DC","washington","georgetown university"
"180",131520,"DC","washington","howard university"
"181",132903,"FL","orlando","university of central florida"
"182",133951,"FL","miami","florida international university"
"183",134097,"FL","tallahassee","florida state university"
"184",134130,"FL","gainesville","university of florida"
"185",135726,"FL","coral gables","university of miami"
"186",137351,"FL","tampa","university of south florida"
"187",139658,"GA","atlanta","emory university"
"188",139755,"GA","atlanta","georgia institute of technology main campus"
"189",139940,"GA","atlanta","georgia state university"
"190",139959,"GA","athens","university of georgia"
"191",141574,"HI","honolulu","university of hawaii at manoa"
"192",142285,"ID","moscow","university of idaho"
"193",144050,"IL","chicago","university of chicago"
"194",145600,"IL","chicago","university of illinois chicago"
"195",145637,"IL","champaign","university of illinois urbana champaign"
"196",146719,"IL","chicago","loyola university chicago"
"197",147703,"IL","dekalb","northern illinois university"
"198",147767,"IL","evanston","northwestern university"
"199",149222,"IL","carbondale","southern illinois university carbondale"
"200",151351,"IN","bloomington","indiana university bloomington"
"201",152080,"IN","notre dame","university of notre dame"
"202",153603,"IA","ames","iowa state university"
"203",153658,"IA","iowa city","university of iowa"
"204",155317,"KS","lawrence","university of kansas"
"205",155399,"KS","manhattan","kansas state university"
"206",157085,"KY","lexington","university of kentucky"
"207",157289,"KY","louisville","university of louisville"
"208",159391,"LA","baton rouge","louisiana state university and agricultural and mechanical college"
"209",160658,"LA","lafayette","university of louisiana at lafayette"
"210",160755,"LA","new orleans","tulane university of louisiana"
"211",161253,"ME","orono","university of maine"
"212",162928,"MD","baltimore","johns hopkins university"
"213",163268,"MD","baltimore","university of maryland baltimore county"
"214",163286,"MD","college park","university of maryland college park"
"215",164924,"MA","chestnut hill","boston college"
"216",164988,"MA","boston","boston university"
"217",165015,"MA","waltham","brandeis university"
"218",166027,"MA","cambridge","harvard university"
"219",166629,"MA","amherst","university of massachusetts amherst"
"220",166683,"MA","cambridge","massachusetts institute of technology"
"221",167358,"MA","boston","northeastern university"
"222",168148,"MA","medford","tufts university"
"223",170976,"MI","ann arbor","university of michigan ann arbor"
"224",171100,"MI","east lansing","michigan state university"
"225",172644,"MI","detroit","wayne state university"
"226",172699,"MI","kalamazoo","western michigan university"
"227",174066,"MN","minneapolis","university of minnesota twin cities"
"228",176017,"MS","university","university of mississippi"
"229",176080,"MS","mississippi state","mississippi state university"
"230",176372,"MS","hattiesburg","university of southern mississippi"
"231",178396,"MO","columbia","university of missouri columbia"
"232",179159,"MO","saint louis","saint louis university"
"233",179867,"MO","saint louis","washington university in st louis"
"234",180461,"MT","bozeman","montana state university"
"235",180489,"MT","missoula","the university of montana"
"236",181464,"NE","lincoln","university of nebraska lincoln"
"237",182281,"NV","las vegas","university of nevada las vegas"
"238",182290,"NV","reno","university of nevada reno"
"239",182670,"NH","hanover","dartmouth college"
"240",183044,"NH","durham","university of new hampshire"
"241",185828,"NJ","newark","new jersey institute of technology"
"242",186131,"NJ","princeton","princeton university"
"243",186380,"NJ","new brunswick","rutgers university new brunswick"
"244",187985,"NM","albuquerque","university of new mexico"
"245",188030,"NM","las cruces","new mexico state university"
"246",190150,"NY","new york","columbia university in the city of new york"
"247",190415,"NY","ithaca","cornell university"
"248",190576,"NY","new york","cuny graduate school and university center"
"249",191241,"NY","bronx","fordham university"
"250",193900,"NY","new york","new york university"
"251",194824,"NY","troy","rensselaer polytechnic institute"
"252",195030,"NY","rochester","university of rochester"
"253",195049,"NY","new york","rockefeller university"
"254",196060,"NY","albany","suny at albany"
"255",196079,"NY","vestal","suny at binghamton"
"256",196079,"NY","vestal","binghamton university"
"257",196088,"NY","buffalo","suny at buffalo"
"258",196088,"NY","buffalo","university at buffalo"
"259",196097,"NY","stony brook","suny at stony brook"
"260",196097,"NY","stony brook","stony brook university"
"261",196413,"NY","syracuse","syracuse university"
"262",196468,"NY","new york","teachers college at columbia university"
"263",197708,"NY","new york","yeshiva university"
"264",198419,"NC","durham","duke university"
"265",199120,"NC","chapel hill","university of north carolina at chapel hill"
"266",199193,"NC","raleigh","north carolina state university at raleigh"
"267",200332,"ND","fargo","north dakota state university"
"268",201645,"OH","cleveland","case western reserve university"
"269",201885,"OH","cincinnati","university of cincinnati"
"270",203517,"OH","kent","kent state university at kent"
"271",204796,"OH","columbus","ohio state university main campus"
"272",204857,"OH","athens","ohio university main campus"
"273",206084,"OH","toledo","university of toledo"
"274",207388,"OK","stillwater","oklahoma state university main campus"
"275",207500,"OK","norman","university of oklahoma norman campus"
"276",209542,"OR","corvallis","oregon state university"
"277",209551,"OR","eugene","university of oregon"
"278",211440,"PA","pittsburgh","carnegie mellon university"
"279",212054,"PA","philadelphia","drexel university"
"280",213543,"PA","bethlehem","lehigh university"
"281",214777,"PA","university park","pennsylvania state university main campus"
"282",215062,"PA","philadelphia","university of pennsylvania"
"283",215293,"PA","pittsburgh","university of pittsburgh pittsburgh campus"
"284",216339,"PA","philadelphia","temple university"
"285",217156,"RI","providence","brown university"
"286",217484,"RI","kingston","university of rhode island"
"287",217882,"SC","clemson","clemson university"
"288",218663,"SC","columbia","university of south carolina columbia"
"289",220862,"TN","memphis","university of memphis"
"290",221759,"TN","knoxville","the university of tennessee knoxville"
"291",221999,"TN","nashville","vanderbilt university"
"292",223232,"TX","waco","baylor university"
"293",225511,"TX","houston","university of houston"
"294",227216,"TX","denton","university of north texas"
"295",227757,"TX","houston","rice university"
"296",228246,"TX","dallas","southern methodist university"
"297",228723,"TX","college station","texas a and m university college station"
"298",228769,"TX","arlington","the university of texas at arlington"
"299",228778,"TX","austin","the university of texas at austin"
"300",228787,"TX","richardson","the university of texas at dallas"
"301",228796,"TX","el paso","the university of texas at el paso"
"302",229027,"TX","san antonio","the university of texas at san antonio"
"303",229115,"TX","lubbock","texas tech university"
"304",230038,"UT","provo","brigham young university"
"305",230728,"UT","logan","utah state university"
"306",230764,"UT","salt lake city","university of utah"
"307",231174,"VT","burlington","university of vermont"
"308",232186,"VA","fairfax","george mason university"
"309",232982,"VA","norfolk","old dominion university"
"310",233921,"VA","blacksburg","virginia polytechnic institute and state university"
"311",234030,"VA","richmond","virginia commonwealth university"
"312",234076,"TX","charlottesville","university of virginia main campus"
"313",234076,"VA","charlottesville","university of virginia main campus"
"314",236939,"WA","pullman","washington state university"
"315",236948,"WA","seattle","university of washington seattle campus"
"316",238032,"WV","morgantown","west virginia university"
"317",239105,"WI","milwaukee","marquette university"
"318",240444,"WI","madison","university of wisconsin madison"
"319",240453,"WI","milwaukee","university of wisconsin milwaukee"
"320",240727,"WY","laramie","university of wyoming"
"321",243744,"CA","stanford","stanford university"
"322",243780,"IN","west lafayette","purdue university main campus"
"323",495767,"PA","university park","the pennsylvania state university"
